,,VIEW ALL SONGS AT YZYARCHIVE.org ,,
Era Name,Era Description,Image,Image link,Era Range
"Before The College Dropout
(Get Well Soon..., I'm Good..., Kon The Louis Vuitton Don)","Before Kanye released his first album to critical acclaim in 2004, he pursued many other projects, including a rap trio group named the ""Go Getters"" and production for other rappers, including, but not limited to JAY-Z, Common, Talib Kweli, and Scarface. Two years before the release of The College Dropout, Kanye began releasing a series of mixtapes to generate hype and publicity for the eventual release of his first album. Kanye eventually signed with Roc-A-Fella records in August 2002.",,https://lh3.googleusercontent.com/pw/AP1GczNRrV-dilSPK-5NTCj60MZSrXxuJbtpuYtB-hktWxVQuTXHpjXkkHQ-mIsRSy5wHeFGvMfYx-GS1kjdPeY5P3mMvfOUVpN1ZM7aVB6emMgK4jStzbpfgfM_0jD2QwnC3rZ-aTPvwVctYlyugkUhOeK3=w800-h800-s-no-gm?authuser=0,"""(06/08/1977) (Kanye West is born in Atlanta)
(08/18/2002) (Kanye announces he signed to Roc-A-Fella)""	"
"""The College Dropout
(I'm Good...)""","Following his signing to Roc-A-Fella Records, Kanye released his debut studio album, The College Dropout. It features string arrangements, choirs, and his signature soul sampling, frequently branded as ""chipmunk soul"" for its sped-up and high-pitched nature. Contrary to the popular gangster-persona lyrics at the time, his songs mostly revolved around themes of family, materialism, religion, and racism. The inspiration for finally making his music came when he was in a near-fatal car crash.			",,https://lh3.googleusercontent.com/pw/AP1GczNlYh-hv9-RAiErtfxWkeMP0j-OkhOXZW7eveMynNt0nLoKlFwxhEszL5oO9UUXzEkFlaUsVnws4icabVoOyXU4Tn1C3b8KlyXv5cCdiveQ-x3WxRgHSILnOLvh4GypNrD8tmJY1oLPSJArMROrJ78u=w225-h225-s-no-gm?authuser=0,"""(08/18/2002) (Kanye announces he signed to Roc-A-Fella)
(02/10/2004) (The College Dropout officially releases)""	"
Late Registration,"Late Registration continues the social themes introduced in The College Dropout, but now with orchestral production influenced by co-producer Jon Brion. Kanye's newfound success allowed him to expand his ambitions from a single violinist to an entire string orchestra, mixing it with production including chipmunk soul and lullaby-like instrumentals. Lyrically, the album features a mix of more socially charged songs to more personal cuts. Production-wise, inspiration came from artists such as British trip-hop band Portishead and Fiona Apple's second album When The Pawn…                        ",,https://lh3.googleusercontent.com/pw/AP1GczNZkjvOGmoJPALeXcqQh70etNYI933vnG18G6S02W1Fin-KulECrU3XJkj9-tlzhC5aVkrLffZz74eDCGRRCwmZa_eZlK50opadohYBP9NZkV7SI00hxRvj4j_J7yrJzqN4DHy75lxymSh7-r4zRrii=w554-h554-s-no-gm?authuser=0,"""(02/10/2004) (The College Dropout officially releases)
(08/30/2005) (Late Registration officially releases)""	"
Graduation,"Graduation is the third studio album from Kanye West. Inspiration came from stadium tours, indie rock, and house music. It was a considerable departure from the sound Kanye had used on his first two studio albums, which featured samples and inspirations from the soul and orchestral music Kanye grew up alongside. This album included a much more electronic sound, featuring layering synthesizers. Lyrically, Kanye analyzes himself and talks about his life after becoming famous and how the media criticize him.			",,https://lh3.googleusercontent.com/pw/AP1GczPRkpg-2qFL5gQ2R0Pi_0pkWGDHXtnFWtNWh3E9nGXXIuSqxICppCr7wRblMQRFCvgG6on5eNP0owYhGwmyPN7xgTEnwl_YOC7O24ghoEFKZXFxLL3bL-wsjDVhMf0n-g1gE4mbqXeFA73NdR9II5yQ=w300-h300-s-no-gm?authuser=0,"""(08/30/2005) (Late Registration officially releases)
(09/11/2007) (Graduation officially releases)""	"
808s & Heartbreak,"Following the death of his mother due to complications after cosmetic surgery, his relationship with fiancé Alexis Phifer finally ending for good, and a struggle to adapt to his celebrity status, Kanye felt emotionally drained and lost. Kanye dealt with his pain by channeling it into a sonically stripped-down album, one dominated by his use of the titular Roland TR-808 drum machine and Auto-Tune. This album significantly influenced future hip-hop music, having influenced Drake, Future, Travis Scott, and more.                        ",,https://lh3.googleusercontent.com/pw/AP1GczNgzUC0UQhsZ_C1_ZjXiWnUsLLGJQGhLRKo-P4wycX6hWN5H1VYtGDmOBHihYKygotMgBzJzLzoK5szisSi_SR-_B1ZWnA88hbvBE9-Gu9zl2J--8kBV6fInPBPD487aupGFQdbh-aECFOQJRiaQe1l=w447-h447-s-no-gm?authuser=0,"""(09/11/2007) (Graduation officially releases)
(11/24/2008) (808s & Heartbreak officially releases)""	"
"""Good Ass Job
(Winter Spring Summer Fall)""","As far back as 2003, Kanye had planned a four-album series revolving around going to college, with Good Ass Job concluding the series. The death of his mother derailed this plan, with his fourth album becoming the somber 808s & Heartbreak. People still expected Good Ass Job to release, though, as Kanye's next album as late as early 2010. When the wake of the 2009 VMAs incident happened, it would cause Good Ass Job not to release. The title seems to have changed to MBDTF around May 2010 or atleast not called GAJ anymore. The cover included for this era is the original cover for the single ""POWER.""			",,https://lh3.googleusercontent.com/pw/AP1GczOCmfsh6OTTzE4_jbUoMh9GZSDIhvGcOj3M3zfXWqhKtlGDMSmSFkpvG4UvupcaTDiykane5GOL5M7-D3JGroKqoca4Ym5nhU0O5oZpRCelQrVTjEcOF9wa6Cxa-M3Rt1vzpXq-uTetYOoe71TVxHra=w475-h475-s-no-gm?authuser=0,"""(11/24/2008) (808s & Heartbreak officially releases)
(05/??/2010) (The project shifts into My Beautiful Dark Twisted Fantasy)""	"
"My Beautiful Dark Twisted Fantasy
(My Dark Twisted Fantasy)","Conceived during West's self-imposed exile following the 2009 VMA incident and further influenced by his deteriorating relationship with model Amber Rose, My Beautiful Dark Twisted Fantasy is a genre-bending masterpiece that explores the darker sides of celebrity, fame, and love. With grand production that sounds like the natural evolution of all the albums that came before it, this is seen by many as Kanye's best album, even earning an extremely rare 10/10 rating from Pitchfork.			",,https://lh3.googleusercontent.com/pw/AP1GczMOShHbk77QxHdgMSxHx0iF49TQ7TLqdO81W3BXwViIo0jL6LQ9oiJVCOjd52VqJp3Ot8nRIVmIkB_4Qwg0xe3QvhTUSSjbysklaZmT3_xmfTijkVNDgXmqLvatdF-t9QJDr25F5KsPwoHcaY1arc8N=w447-h447-s-no-gm?authuser=0,"""(05/??/2010) (The project shifts into My Beautiful Dark Twisted Fantasy)
(07/28/2010) (Kanye announces the album title is no longer Good Ass Job)
(11/22/2010) (My Beautiful Dark Twisted Fantasy officially releases)""	"
"""Watch The Throne
(Collaboration with JAY-Z as The Throne)""","Considered one of the most legendary collab albums of all time, Watch The Throne puts together two of the most legendary figures in music history for a full studio album. Kanye teams up with his big brother, JAY-Z, for an album, focused primarily on luxury, black excellence, and the American dream. The album's production also reflects that, and having been recorded by two future billionaires primarily in New York City's Tribeca Grand Hotel, how could it not?			",,https://lh3.googleusercontent.com/pw/AP1GczNWIaDmUBLoxzWZVPkqNuSTFODBAVo29J31H4uZ8oUNtwtjvjdvhZvjS6dboTRUzrh7GSjIlvUDTLCmWJ6vIQ1r--T4iIdvfV1Bgvgi3Mu4nk1kWNEw9Qzkp3sunyL0GG43lcMbI59rKfECAG5r2ewo=w300-h300-s-no-gm?authuser=0,"""(08/27/2010) (Kanye announces a """"joint-EP"""" with JAY-Z)
(11/22/2010) (My Beautiful Dark Twisted Fantasy officially releases)
(08/08/2011) (Watch The Throne officially releases)
(08/12/2011) (Watch The Throne (Deluxe) officially releases)""	"
"""Cruel Summer
(Collaboration with G.O.O.D. Music)""","A compilation of new songs from Kanye's label, G.O.O.D. Music, 2012's Cruel Summer is one of the most collaborative Kanye projects he accomplished. Featuring various collaborations with Pusha T, Big Sean, 2 Chainz, John Legend, and many more, this album spawned many big hits, including ""Mercy"" and the remix of the Chief Keef song ""Don't Like."" This album also marks the first time Kanye would work with Travis Scott, an at-the-time complete unknown with no mixtape to his name.			",,https://lh3.googleusercontent.com/pw/AP1GczNYmDFNMav92F_lE68pQVxwMUHNZKiOqEOeZmkDUOYPqpaMjyEtaNtDDgsY_RMot-w4fiYbfosxa_U1fxeW-K-wnTVg8oapOfoz2dCWxSZ0tBgyF9ssE-9IX8XA8j4kis_eQ-sb6YW-bOI-_HGQRtFH=w992-h992-s-no-gm?authuser=0,"""(08/12/2011) (Watch The Throne (Deluxe) officially releases)
(09/14/2012) (Cruel Summer officially releases)""	"
"""Thank God For Drugs
(Yeezus, Nigger Cock)""","Before Kanye chose the name Yeezus for his sixth solo album, the name was Thank God For Drugs. Recording started in 2012 and accelerated in early 2013, with Kanye and his producers producing material very quickly. The tracklist for the album boasted 20 songs, with around 3.5 hours of rough material created for the album. After changing the album's name to Yeezus, Kanye recruited Rick Rubin to cut down this material and take the music in a minimal direction.			",,https://lh3.googleusercontent.com/pw/AP1GczMyi6YhmlkBlU-mN3zEpVwj_3rSdncuOlr2_K1OmW_o_dcRnmVmsaGW3M6Nf0svAaWByOdGd7KIQ9lIDxQIsFv4zxdKqKpngKW7w5EW2Zl4JcV3zHXoKbzgVtIhOpSb8VCfTy8A5VdaNtVso50lTY-x=w563-h563-s-no-gm?authuser=0,"""(08/12/2011) (Watch The Throne (Deluxe) officially releases)
(06/29/2012) (No I.D. says he's working on Kanye's latest solo album)
(05/16/2013) (Kanye changes the album title to Yeezus)""	"
"""Yeezus
(Thank God For Drugs, Nigger Cock)""","Yeezus marked a complete reverse from the bombastic production that Kanye accomplished on My Beautiful Dark Twisted Fantasy. He swapped lush soul and anthemic hooks for splintering electro, acid house, and industrial force while packaging some of his most lewd and heart-crushing tales. Initially envisioned as Thank God For Drugs, a much larger project, Kanye would play the album for Rick Rubin, he later recalled listening to roughly 3-hours of unfinished material that seemed to need months worth of work - despite the release date being a month away. Kanye enlisted Rubin to refine and complete the project, finishing a majority of the songs just two days before release.			",,https://lh3.googleusercontent.com/pw/AP1GczPDFUepjMizidNSzHIFmu8sQ5jfLP6pWtTH_QILDPnsGO-UV_rpl2tNGkg3-ryb1IEvjpN8_LDdSOdpMaskRCXtENHUbwVsSbIsWaDMJnAOFUGV-RN7d2hxMQdihAHFaemsFN4eFP38iox39w0cGsRD=w300-h263-s-no-gm?authuser=0,"""(05/16/2013) (Kanye changes the album title to Yeezus)
(05/20/2013) (Yeezus pre-orders are taken down) (Era starts here)
(06/18/2013) (Yeezus officially releases)""	"
"""Cruel Winter [V1]
(Collaboration with G.O.O.D. Music)""","The 2013 version of Cruel Winter, the first version of the sequel to 2012's Cruel Summer, is a mystery. No single for this album was released, and most of the info comes from leakers and insiders. It had many songs with A Tribe Called Quest member Q-Tip, who was notably absent from Cruel Summer despite having already been signed to the label. There is no official cover for this album, so we're using a fanmade cover to represent this era.			",,https://lh3.googleusercontent.com/pw/AP1GczPdk8WJCfY-IQlZFYpbyV9cv8cG6Z-D_RfDBPWMumGzNDlZg0xh0nySb1AahRdyxm6BXbkxxf3dEVTlmBiNyk5ADXWoLZPmn5iXQPNzb0zCpM9gDo3IXmV1ZP8vnwfryC-4cfW0YUn1tT2E_54aiE7s=w992-h992-s-no-gm?authuser=0,"""(09/14/2012) (Cruel Summer officially releases)
(Late 2013) (The project is scrapped)""	"
"""Yeezus 2
(Lost Yeezus, New Yeezus, ULTRA)""","After Rick Rubin and Kanye West cut down Yeezus to the final ten tracks, Kanye still saw potential in much of the cut material. Thus, shortly after Yeezus was released, an EP of leftovers titled Lost Yeezus was already being teased. The project then evolved into a full-fledged album of mostly new material, with Yeezus 2 acting as a codename before they could choose the last name. This project would develop into So Help Me God as the songs evolved.			",,https://lh3.googleusercontent.com/pw/AP1GczMTq_upZRRZ2ml7aNrXhhTwuW5QShZbeOGc6S22LyyXvjgxv_fqh0H_oyGIdNkhNGEmc_cMbxa2HVLVxd6oJPvG4H6hgTIjdQCdcF38BmFLctlbuFWPOPGVWqYfO77rwN1ZX2XD6Sm_IAilbj5VJnHd=w992-h992-s-no-gm?authuser=0,"""(06/18/2013) (Yeezus officially releases)
(07/16/2014) (Kanye begins hosting recording sessions while staying in Mexico)""	"
"""So Help Me God
(Chiraq, Ye-Ye, Wolves)""","Announced in February 2015, So Help Me God is now one of Kanye's most infamous unreleased projects. Essentially being a more advanced version of the songs developed during the Yeezus 2 era, So Help Me God gained significant hype as the teaser tracks of ""Wolves,"" ""All Day,"" and ""Only One"" was revealed to the public. Despite intending to release the album in March 2015, Kanye never finished So Help Me God, and only a few songs from the era ended up on The Life Of Pablo.			",,https://lh3.googleusercontent.com/pw/AP1GczNKQtDDbOYVXs0qaLYXQ1P8-wdXShakaNkY6Sl2FH-32sgOM2Hp0DCDzKAF5G5RZQvAQA_la6abC9Y6WXHhJko930Fs8oAQq-MSKsWfpOkSzeAjfbJwT_qKK_EQR93WYEdoZmbp-u1_HG4ScMCJlsKw=w427-h427-s-no-gm?authuser=0,"""(07/16/2014) (Kanye begins hosting recording sessions while staying in Mexico)
(06/28/2015) (Kanye performs at Glastonbury)""	"
SWISH,"After changing the name of his 7th solo album from So Help Me God to SWISH, Kanye began to develop all new songs throughout mid-late 2015 meant for the album, with most of them eventually making it onto the final release of The Life Of Pablo. Kanye also continued to work on many So Help Me God and Yeezus 2 tracks, but by the end of 2015 and the start of 2016, Kanye had dropped most of these tracks from the tracklist for SWISH, which began to resemble the final TLOP tracklist strongly.			",,https://lh3.googleusercontent.com/pw/AP1GczPPkPYsRodp8WhnbvDJkDFjOr434i5xEOlyo_doVyFsugWVxSfwkcx7bpS1FpDBa-P0qdpw8KmzjAai7SuhEn2wS07D2e96tsTxM63tyNULbWZZFF1lGEPyjGlgbF062e-Dj8q9d9Gfi_SciEg67K_V=w480-h480-s-no-gm?authuser=0,"""(06/28/2015) (Kanye performs at Glastonbury)
(12/31/2015) (Kanye drops """"Facts"""" and the rollout begins)""	"
"""The Life Of Pablo
(So Help Me God, SWISH, WAVES, ULTRA, The White Picket Fence)""","The Life Of Pablo is Kanye's 7th studio album, with constant name changes before release. Sporadic and scatter-shot, the album is one of a kind. The title refers to three people: artist Pablo Picasso, drug dealer Pablo Escobar, and Paul the Apostle, whose name is Pablo in Spanish. The album was initially released only on TIDAL, but later made its way to other streaming services with some updates. Kanye finally finished it by adding the track ""Saint Pablo.""			",,https://lh3.googleusercontent.com/pw/AP1GczP5i66uvl5A9oIn3GkImyhleJQfwLXvxzDuDSAhZ7dAHNIUfAC_hhrClgtxTHb9bvDf-EXNVRHPJJJP2JEqmVYkpx7Ksw4hg6E4E9gWpglLutQqwrg0pzGZkkw4wrmTqQ5V7kRj3NyGlx-WWMdaWf2m=w554-h554-s-no-gm?authuser=0,"""(12/31/2015) (Kanye drops """"Facts"""" and the rollout begins)
(02/14/2016) (The Life Of Pablo officially releases)
(06/14/2016) (The Life Of Pablo receives its last update)""	"
"""Cruel Winter [V2]
(Collaboration with G.O.O.D. Music)""","After the 2013 rendition of Cruel Winter ended production, Kanye revived it in 2016. With only one official single released, this album took many ideas from popular music at the time, including many trap elements, remixes, and the biggest music stars. The label supposedly worked on it as late as November 2017, but the album has yet to come. There isn't an official cover for this album we know of, so we are using the single art for ""Champions.""			",,https://lh3.googleusercontent.com/pw/AP1GczMxObCSWrtnAO7iiNkZEb6V0_PCDGLNQvj8Uk1clQ_nJL79CdjO0a_AKFmdlc5w8OlgKjjX2tsVSCFH695Vp6LxAFzx8U3SfDIjozT_4oCZCyqJKhCJVed7t3oF3OmzGKY7c1BlVafchUf39iayr6sl=w600-h600-s-no-gm?authuser=0,"""(Late 2015) (Work begins on Cruel Winter)
(11/20/2017) (CyHi says Cruel Winter is coming after his album)""	"
Turbo Grafx 16,"Immediately after Kanye released The Life of Pablo, he announced a whole new album titled Turbo Grafx 16, intended to be released in the summer of 2016. Kanye intended to pursue a futuristic sound, wanting to incorporate video game samples into the record. However, work on the album was short-lived, as Kanye began touring in August 2016 and scrapped the concept entirely after being diagnosed as bipolar. The cover included for this era is unofficial, despite being popular among Kanye fans.			",,https://lh3.googleusercontent.com/pw/AP1GczMwxYEKGAw9N3odQsQsUWMci-LtrKVwTkW65EZ-jGUIslkl7GKhmDTHPosBL68KBR3L0OrJI3bQoBGhotiFUhoQsDoFnRP5KicRlmw5vVRKV1_OydVrn1XPE9XC6y75rwhIDDn1W_Vpy9uAlbJWjg5u=w995-h992-s-no-gm?authuser=0,"""(02/14/2016) (The Life Of Pablo releases)
(11/22/2016) (Kanye West is admitted to UCLA Medical Hospital)""	"
"""Wolves
(Collabaration with Kanye West)
(New Abu Dhabi, Calabasas Is The New Abu Dhabi)""","Wolves was meant to be a collabaration album between Kanye West & Drake. The project was first mentioned by Ye in an interview in 2015, and billboards would be spotted with the phrase ""Calabasas Is The New Abu Dhabi"" with the OVO and G.O.O.D. Music logos in mid-2016 which hinted the album was coming soon. Drake later even stated the album was finished and up to Kanye to release, but despite this multiple insiders have stated that Wolves was mainly just a session and nothing much came out of it. The cover used for this era is a recreation of the image used on the billboards. 		",,https://lh3.googleusercontent.com/pw/AP1GczPDr8GNNnB7cwdv1C4NkrYIxX3Tmd3FSlM9C06YuGtPyB2hEvwxS84QnVA0v-AYh17KmHJszg8gWk5WrSJMC9rpThoqH-jr7OnKp6ktoFhv_Gkq7Uvp6p659sfWYlle7O20VJ-QPdi5b3SzYvnOgcyT=w1003-h992-s-no-gm?authuser=0,"""(01/??/2016) (Kanye & Consequence travel to Drake's house for collab album sessions)
(??/??/2018) (Album never officially releases, according to Consequence, due to Kanye West & Kid Cudi's album """"KIDS SEE GHOSTS"""")""	"
"""LOVE EVERYONE
(Hitler)""","After Kanye was released from UCLA Medical Hospital and diagnosed as bipolar, he bought a ranch in Wyoming where he would produce his next album and multiple albums for his collaborators. The concept of the album came together in 2018. The album's subject matter varied wildly, with some songs being about introspection and change and others discussing his political views. The public name given for this album is LOVE EVERYONE, but it is known that Kanye likely considered the Hitler title longer.			",,https://lh3.googleusercontent.com/pw/AP1GczN6nkpkpk1gE-Yhh1A6xz_2yEnlE8GBRhGk-tuV5QIh6sPnbtJmT4k27dyBn7IAgfEpNH6ZuPp8_cWsJmRbA-HAstDlAVfAubP1me_ze-Ct3oj5yseSlsbvMQa-yckgkWfFZQYL9bX-Cbw0DS4XjGNJ=w992-h992-s-no-gm?authuser=0,"""(11/30/2016) (Kanye is released from UCLA Medical Hospital)
(05/15/2018) (Kanye restarts the project)""	"
"""DAYTONA
(Album by Pusha T) (exec. prod. Kanye West)
(King Push, Blowbama, Blobama)""","DAYTONA is the third studio album by American rapper Pusha T. It was released on May 25, 2018, by G.O.O.D. Music and Def Jam Recordings. DAYTONA was announced by Kanye West via Twitter on April 19, 2018, alongside the album's release date. It was one of the Wyoming projects worked on during 2018 by Kanye.			",,https://lh3.googleusercontent.com/pw/AP1GczNvTsQRciovrXweAjL3AaAjoYdeJIMQ45inuo6xNuungOHL0HbXH8mPDDn8sycJ-Rn7PTI0A5uPAwrwOyPE8eGuMKhAjddfF9pLcOT0ES9s6jGaP00ZrwX5W_pz79wGSzEBge13Z5jlHd8LJzMcA9JP=w300-h300-s-no-gm?authuser=0,"""(12/18/2015) (King Push – Darkest Before Dawn: The Prelude officially releases)
(05/25/2018) (DAYTONA officially releases)""	"
ye,"ye discusses topics in Kanye's life, including mental health, family, and addiction. He also explicitly announced his diagnosis of bipolar disorder through the album's artwork and a proclamation within the album. The seven-song project, created in Jackson Hole, Wyoming, was released alongside five other projects. Kanye revealed in an interview that after his infamous TMZ interview (in which he stated that slavery was a choice), he completely re-did his album with an entirely new theme.			",,https://lh3.googleusercontent.com/pw/AP1GczM6VwOx03yEJCff65U0CiuAYS1eYUhXuQc9G_Jkjmo97szLOKRNBgl07nAjK-dDXi0ZcF4bEBwG7loLDdx2Ul6Gf-JDTNb536Tq2UeeXrRfq0ohQl7qF5i0FPP-OhSbhVYg7xZIEJGJlGZvAu0fri6m=w300-h300-s-no-gm?authuser=0,"""(05/15/2018) (Kanye restarts the project)
(06/01/2018) (ye officially releases)
(11/07/2018) (ye receives its last update)""	"
"""KIDS SEE GHOSTS
(Collaboration with Kid Cudi as KIDS SEE GHOSTS)
(Everybody Wins)""","Out of the five Wyoming projects from 2018, people consider KIDS SEE GHOSTS one of the best. This album focuses heavily on overcoming struggles caused by mental health, which Kanye and Cudi have been fighting. It's characterized by many psychedelic and rock-influenced elements, making for an album that sounds like nothing else. This album was officially released on June 8th, 2018, making it Kanye's second collab album.			",,https://lh3.googleusercontent.com/pw/AP1GczMle_66yCVLoCZo_MT75-UuiPPvycMBfv9350p1bZwSJmt6rnJxdddseqw1S8GKDRjkfN-zZEyd7kY__dGJF9iwik0J-vxJNtowp_Re_PaJqySQ8JpoEii2pYyaz-MPAxolemxseSC2_AzW81JT60Y3=w316-h316-s-no-gm?authuser=0,"""(11/30/2016) (Kanye is released from UCLA Medical Hospital)
(06/08/2018) (KIDS SEE GHOSTS officially releases)""	"
"""NASIR
(Album by Nas)
(exec. prod. Kanye West)""","After the 2012 release of Life Is Good, Nas announced in January 2013 that he was working on a new album. Time would pass with little-word on the project, until the 2014 remix to ScHoolboy Q's ""Studio"", where Nas rapped that he, ""finished up [his] new album"" - however, no album ever materialized. In March 2016, Kanye Tweeted that he ""promised Obama Ima do beats on NAS' next album"". As if it was fate, on April 23rd, 2018, Kanye announced that he was executive producing Nas' next album. The album followed its expected release date, dropping June 15th, 2018.			",,https://lh3.googleusercontent.com/pw/AP1GczMzW8rq9j57Imk2Ry3jj3FnaPDLMcsC60cPtDLs-ovLOyepk-tXRxVxAkKAKpX80-9pC03CLzd1r0OnNuBu8BAlWnBG715MpLffDu9LKgL_A0jov6l7qGF1XHI6tkEdrwOiDXqMqxzSSrVCuNB2Tfsd=w300-h300-s-no-gm?authuser=0,"""(07/12/2012) (Nas releases Life Is Good)
(04/23/2018) (Kanye announces that he is executive producing Nas' next album)
(06/15/2018) (NASIR officially releases)"""
"""K.T.S.E.
(Album by Teyana Taylor)
(exec. prod. Kanye West)""","In an interview with Hot 97 in March of 2018, Taylor revealed that she had been working on music with Kanye in Wyoming, referring to him as ""Polo 'Ye"" - alluding to him returning to his old ""Polo-shirt roots"" (i.e. TCD-era production). The album was eventually put on the tail end of the Wyoming releases, releasing June 22nd, 2018. Kanye was notably still finishing the album on the plane ride to the albums LP, as confirmed in a Tweet from Kim Kardashian.			",,https://lh3.googleusercontent.com/pw/AP1GczMsFChIGX_rG0fOaf2l-bN6hidNtnnTllkQA62b8HPWcz8jNZydNKlRmWbxHo8i9l8M5iH4kBlJBbQVVk6zWjA1p3AMAUXZnT9XR-GNbn8LfKjiHoYANzDUBsBLzEqmuBUuUxS4afPMnGpIibH5Y7Uy=w250-h250-s-no-gm?authuser=0,"""(11/04/2014) (Teyana Taylor's debut album VII officially releases)
(03/??/2018) (Teyana and Kanye start collaborating in Wyoming)
(06/23/2018) (K.T.S.E. officially releases)""	"
"""Good Ass Job (2018)
(Collaboration with Chance the Rapper)
(Job Well Done)""","Kanye and Chance collab project that people talked about for years before being officially announced in 2018. The project was supposed to be just seven tracks long, similar to all the Wyoming albums. The central theme of this project is a celebration, as many of the tracks we've heard from this project seem to be very joyful and uplifting. Kanye and Chance presumably canceled it sometime in 2019. This cover was posted by Chance on his instagram",,https://lh3.googleusercontent.com/pw/AP1GczN16gS6iOeR5ISV36Se1bFHF4AqzIBOYp1us-PjK7bjSjqu8SZoypoQogu7anLQcgjMchgCCv3LoBnpCVcB9W17CwXgv_zFwxvOQux1fpOukwdh1JPDp5Nx2jz4c1pO2QoSNPEtOuYkm0cLSDS4-gDj=w750-h750-s-no-gm?authuser=0,"""(06/27/2018) (Chance announces 7-track album produced by Kanye)
(??/??/2019) (Kanye and Chance scrap the project)""	"
Yandhi [V1],"Upon hearing the beat to ""Hurricane"" during sessions for Good Ass Job (2018), Kanye became inspired to create a whole new album titled Yandhi. With the album's concept in his mind, Kanye and his producers began frenzied work as they developed multiple new songs throughout September 2018, aiming for a September 29 release date. As they did not meet this deadline, Kanye went to Uganda to conduct further work on the album, but delayed it indefinitely on November 13.			",,https://lh3.googleusercontent.com/pw/AP1GczNrbozgLFJxa17Qp4IYink-yVatDL-SzKMFIBgK-bGhtr5zZ2fVmYcbXFqXpnxsOuUZesg69TdFD83VrQ5FAUKW_QbItTgygw84yIaZBznfgNLudsnO2B7D2CQ4RxRYGURTM1sp9nL6Mqg7nCnV1J_k=w554-h554-s-no-gm?authuser=0,"""(06/01/2018) (ye officially releases)
(11/13/2018) (Kanye delays Yandhi again after performing at Camp Flog Gnaw)""	"
Yandhi [V2],"After Kanye delayed Yandhi indefinitely, he began working with record producer Timbaland to create ""more healing music"" for the album. Shortly after the announcement of the delay, Kanye underwent a sudden and dramatic conversion towards born-again evangelical Christianity, debuting the Sunday Service Choir at the start of 2019. The creation of the choir coincided with the songs on Yandhi taking a new Christian lyrical focus. Eventually, the album would morph into the thoroughly Christian JESUS IS KING by mid-2019.			",,https://lh3.googleusercontent.com/pw/AP1GczNrbozgLFJxa17Qp4IYink-yVatDL-SzKMFIBgK-bGhtr5zZ2fVmYcbXFqXpnxsOuUZesg69TdFD83VrQ5FAUKW_QbItTgygw84yIaZBznfgNLudsnO2B7D2CQ4RxRYGURTM1sp9nL6Mqg7nCnV1J_k=w554-h554-s-no-gm?authuser=0,"""(11/13/2018) (Kanye delays Yandhi again after performing at Camp Flog Gnaw)
(04/21/2019) (Kanye performs at Coachella with Sunday Service Choir)""	"
"""JESUS IS KING
(Christ Jesus)""","Following a revelation on Easter 2019 at Coachella, Kanye scrapped Yandhi and reworked it to focus on God and Christianity. This album ended up being JESUS IS KING. After a private listening party in Detroit, Kim Kardashian announced that the album would release on Sunday, September 29, following listening parties in Chicago and New York. It didn't, and there were no updates for almost a month. On October 20, 2019, Kanye suddenly reappeared on Twitter to announce the final release date.			",,https://lh3.googleusercontent.com/pw/AP1GczOxrMd4Zuu9hfCDrSNgUUhgjZouaXGrCaRrk673ZGXym_i-sxW2r0LvmH9sU-jsyLsBSvUYI0mlBFiYawogiCuMx1w0P0ylzdjodpGkoBD3j1eqyPLI8itRKaXnpryhAV_euBBc_kOMgeW73hq0mkDE=w554-h554-s-no-gm?authuser=0,"""(04/21/2019) (Kanye performs at Coachella with Sunday Service Choir)
(10/25/2019) (JESUS IS KING officially releases)
(10/31/2019) (JESUS IS KING receives its last update)""	"
"""God's Country
(JESUS IS LORD, Our Beautiful Amazing Reality, Our Beautiful Light Clear Reality, Palm Springs)""","Shortly after the release of JESUS IS KING, Kanye (almost immediately) started working on new material. Songs from this era revolve around his faith while also consisting of dark themes (such as prison) and lyrics about current social issues. Initially announced as God's Country on May 20th, 2020 by Arthur Jafa, tracks from this album would go on to be developed further in the DONDA [V1] era, following Kanye getting new inspiration to make an album dedicated to his mother.			",,https://lh3.googleusercontent.com/pw/AP1GczMLk3OMKJ2IwGl6EdpGJdNNSjgTbxDNB_srZfhXgPipSEcoXoNPCkqc0wlstwN4C1rgziXZ2BKBTM4AwL_WEuP4qdAKCitaRT0MS16TJ-5KL5GfE5MqceeHuIaQ2uQaC5YAo_hUUkETIcyB-oTY-oYS=w1022-h1024-s-no-gm?authuser=0,"""(10/25/2019) (JESUS IS KING officially releases)
(07/18/2020) (Kanye announces his new album titled DONDA)""	"
"""JESUS IS KING: The Dr. Dre Version
(Collaboration with Dr. Dre)
(JESUS IS KING II, JESUS IS LORD)""","The release of JESUS IS KING was met with mixed reviews from fans and critics. Kanye then took to Twitter to announce that he was working on a new album with Dr. Dre. Initially conceived as a remix album, it eventually grew to incorporate mainly unreleased material. During the #WESTDAYEVER campaign, Kanye did on Twitter in 2020, it was supposed to release officially, but never did. It ended up being scrapped sometime in 2020, as stated by producer Dem Jointz. Kanye posted the cover in 2022, which is assumed to be for the album.			",,https://lh3.googleusercontent.com/pw/AP1GczNWIJGyFNa7NLwL-UsS4ASbRLvWcM9pdwnSY1psLlr8FgPY-97oj3eVKfvzecUMo2zJ2TiPMT2iBq6TOH4xiY1fpbd69XekDzJWL7_FRLFiZixAwHoCvhOmllGt5md4gcKOKNqeQEpOxoL8QcGquZrg=w447-h447-s-no-gm?authuser=0,"""(10/25/2019) (JESUS IS KING officially releases)
(09/24/2020) (Dem Jointz reveals that Kanye is no longer focused on the project)""	"
"""DONDA [V1]
(DONDA: WITH CHILD, DND WTH CHLD, DND, God's Country, The First Born Donda)""","With new inspiration to work on an album dedicated to his mother, Kanye continued working on previous demos and new ideas. The music of this era reflects Donda's impact on Kanye in a colorful sound while reflecting his mania and the stress he was going through focusing on his businesses while also running for President. With multiple failed release dates for the album, Kanye went into silence in early 2021, finishing up tracks until the album morphed into something very different.			",,https://lh3.googleusercontent.com/pw/AP1GczNojx1SYIaqqn9GApkcvX4D8JB0g6ckPTgq-eqCZLGHZDcc2g5u-OufWMfQyoQzohzSGRXcpHShp6LcwIgZsyRCA5TAFL6b-kfSUkxeFNjIDJDpEOu8lu4vIC8uFxI0VFWPFfaSlbNU7Dv1x9uFJW94=w225-h225-s-no-gm?authuser=0,"""(07/18/2020) (Kanye announces his new album titled DONDA) 
(03/07/2021) (CyHi confirms that Kanye has resumed work on the album)""	"
Donda [V2] ,"After taking a break from music in early 2021, Kanye went to work at the Pio Pico studio in LA with an entirely new vision for the album. While the name remained the same, the sound shifted to be more experimental and less soulful. Working with producers such as E.VAX, Dem Jointz, and Digital Nas, Kanye went through hundreds of beats, laying down vocals and trying to come up with ideas for songs. This era would continue until Kanye decided to finalize the album, shifting to the more minimalistic release sound.			
 ",,https://lh3.googleusercontent.com/pw/AP1GczMeYujmSLAI1w3inyEhTBT1fNqakS9dCTxENTOrOBcgL6Aw2rHHEo-z4IcHDuLqfcIPOzsWmZOKHtb8qwiy1KwyooAlFMiotVXzc1iE-HFLziL7sYHIdgX8OX7mYulVBB0_Q4UhNW7nXoLtdqlo4Qd0=w992-h992-s-no-gm?authuser=0,"""(03/07/2021) (CyHi confirms that Kanye has resumed work on the album)
(07/09/2021) (Malik Yusef posts about a change in sound direction for the album)""	
"
Donda [V3],"Almost a year after the initial announcement of Donda, a Beats by Dre ad revealed that a listening party would take place at the Mercedes-Benz Stadium in Atlanta. It happened, but the album didn't drop. Kanye moved into the stadium and lived there until the second listening event two weeks later. Once again, the album did not release. Ye later announced a third listening party at Soldier Field in Chicago, with the album coming the next day. It didn't. The album ended up releasing on August 29th, 2021 at 8AM EST, almost two days after the final listening party.			",,https://lh3.googleusercontent.com/pw/AP1GczNFy7kfQfrPDkk7TFPwhQHd7m_y4zS6yhJhPCMlwWa-6ppz6XxGUIfrtI62IIx3GWB1qtjgHttBLW9uO2JhlTKr56pO8FLMWhPOZ2Ik7vPMqI9W0lMIJfdr2p_AgXKHnjzPWZnjNZwdgNn1OZGhiMIV=w992-h992-s-no-gm?authuser=0,"""(07/09/2021) (Malik Yusef posts about a change in sound direction for the album)
(08/29/2021) (Donda officially releases)
(11/15/2021) (Donda (Deluxe) officially releases)""	"
"""Donda 2
(For The Children, Donda 2: 4 Da Kidz)""","Donda 2 was announced by Ye via Instagram, being executive produced by Future. Ye then proceeded to get into many significant controversies. He hosted a listening party for it in Miami, in which many of the tracks were unfinished. It was released on the Stem Player a few days later, but it was still incomplete. Months later, Ye got into even more controversies, making him get dropped by Adidas, buy the social media Parler, and lose his billionaire status following his proclaiming ""White Lives Matter"" at Yeezy Season 9.			",,https://lh3.googleusercontent.com/pw/AP1GczOlqaRkCH6WPKAIXTTFgV9D-fKLzfQlsz1Sc4MO5O7IRc7N8JKYTN-wfXgX5iEZaEyXX8jFCS1kMPuYFs1MU2fgU1xMbQ0O-X5tZF6lU7-PQsNyVFQug4SPU7Gwiedi3UsH--7iC-CJw2KoEV3MTlrI=w848-h829-s-no-gm?authuser=0,"""(11/15/2021) (Ye releases Donda (Deluxe))
(10/03/2022) (Ye wears the White Lives Matter shirt)""	"
"""WAR
(Collaboration with James Blake)""","A collaborative project between Ye and James Blake. Sessions for the project began around April 2022. On his third Drink Champs interview, Ye referred to these sessions as work for ""their album"". Three songs from the project were played at a party featured on Naomi Campbell's Instagram, with the song ""What I Would Have Said At Virgil's Funeral"" being previewed in full at YZY Season 9 shortly thereafter. The project was presumably scrapped in the wake of Ye's numerous antisemitic comments.			",,https://lh3.googleusercontent.com/pw/AP1GczMbHpvcYwAF7181tQUgaF5pYOU8A8f_NZuwyBwbLQhAiHWFiGU6IBsSJkUfPTGBpH7RfHWwc5cDgnLEdvGdsm_zDLmE_ThS3luAZFHNccIyL_I6nu5_JpbyLLHaL6NqBasMm8FcLhQG8ACmxznyPDX3=w720-h720-s-no-gm?authuser=0,"""(04/01/2022) (The project is conceived)
(??/??/2023) (The album is scrapped)""	"
"""YEBU
(Ye 3)""","Days before Ye was set to hold YZY Season 9, he suddenly changed plans for the event and wore a ""White Lives Matter"" shirt. After that, Ye tweeted about going ""death con 3"" on Jewish people. Following an interview with Alex Jones in which he proclaimed himself a Nazi and claimed he ""liked Hitler,"" many fans and artists gave up supporting Ye and his antics. Following this and an ""apology"" posted on Instagram, Ye went silent for months and began working on new material in Italy with his frequent collaborators. Reportedly being made at the same time as VULTURES. The cover for this era is from the ""Someday We'll All Be Free"" single.			",,https://lh3.googleusercontent.com/pw/AP1GczNgKAD-ZTqJLGld6LKVEq7HvCpXV9m9pcjiLwz-5BeyuyjJKuZk4tl-7IvipWcFs4iYzTFheJXxmB-ClAIJ3axl1NPByAGPyQftcfy1-L6VTdLrP574DlJWp9ty_mwnDvaTTBMUU8dhV3FYYRsPgmfA=w640-h853-s-no-gm?authuser=0,"""(10/03/2022) (Ye wears the White Lives Matter shirt)
(11/??/2023) (YEBU is shelved in favor of Vultures)""	"
"""Bad Bitch Playbook
(Collaboration with Ty Dolla $ign as ¥$)
(Bad Bitch Playbook Vol. 1, ¥$)""","Ye and Ty Dolla $ign frequently collaborated during the sessions for YEBU, hinting at a joint project. A snippet featuring Ty was released on October 2nd, 2023, leading to the song ""BACK TO ME"", and confirming a joint album via Instagram. TMZ later reported that Ye was producing both a solo album and a collaborative one with Ty. Then, during the Saudi Arabia recording sessions for Bad Bitch Playbook Vol. 1 in November 2023, the name for the collaborative project between Ty Dolla $ign & Ye would be changed to Vultures, with that coming a sonic change in the project.			",,https://lh3.googleusercontent.com/pw/AP1GczNHbN3BHwYR-bqh5bHYcgwpo2zcPfD-ZDxIUvsAeWXvcEeMBRPpDlqgY5P1Ayim1ZhJI3gCEK79JgiB1pL1yA4OIEGab_Z_JaqtaIBuO3cQ_nkALAlICafqesj_m8raON34hO3QeVGumca50Tn5yWEr=w640-h640-s-no-gm?authuser=0,"""(Early 2023) (Bad Bitch Playbook is conceived)
(10/28/2023) (The name of the project is changed from BBPB to VULTURES 1)""	"
"""VULTURES 1
(Collaboration with Ty Dolla $ign as ¥$)
(Vultures)""","After the album's name change from Bad Bitch Playbook Vol. 1 to VULTURES 1, four listening parties were scheduled between December 12th, 2023, and February 9h, 2024. In 2024, Ye announced that VULTURES would be a trilogy, with the first installment dropping on February 9th, followed by the second and third albums in March and April. VULTURES 1 would end up being released on February 10th, the day after the final listening party.                        ",,https://lh3.googleusercontent.com/pw/AP1GczNUG5obb1NsPKwOV2OExuFZge1BKXe8gz6-ksw83iAdfs62UwzdZH7it8bUiBNbAZ1m5QqRc4W5pfDE0TcehdLi-O5YN7CcRKMJUdGM14EKI1cr6H1CDBnY2efYix3HNu7Bde4DVnR7FS2p9rI6DzXm=w992-h992-s-no-gm?authuser=0,"""(10/28/2023) (The name of the project is changed from BBPB to VULTURES 1)
(02/10/2024) (VULTURES 1 officially releases)""	"
"""VULTURES 2
(Collaboration with Ty Dolla $ign as ¥$)
(Vultures Vol. 2)""","VULTURES 2 was announced alongside 2 other volumes of VULTURES, and was meant to release on March 8th, 2024, and then May 3rd, 2024. This album would've became the first release exclusive to the YZYAPP. The cover shows Ty Dolla $ign holding a portrait of his brother Big TC, who is currently in prison. After the album failed to drop on May 3rd, 2024, the direction of the project completely shifted, and was to be censored. The album failed to drop August 2nd and then dropped August 3rd with questionable mixing/songs.			",,https://lh3.googleusercontent.com/pw/AP1GczPCn4UCpSv_eM_j2hcr170MWQsRMITk1EZNFdoH8mjO1x95ZnyLQRDeEJ0lrgDS5ZvlCUdiyQDW_ufjkrAcBQ_3vhq-aqjsZbVek25wyxctfLoIL1UERpabxXKY1WNY5e51j03Lq1M4DdedFfywYnyO=w300-h300-s-no-gm?authuser=0,"""(02/10/2024) (VULTURES 1 officially releases)
(08/03/2024) (VULTURES 2 officially releases)
(11/10/2024) (VULTURES 2 receives its last update)""	"
"""The Elementary School Dropout
(Album by North West)
(exec. prod. Kanye West)""",The Elementrary School Dropout was intended to be the debut album of YE's daughter North West. The album which was orignaly annouced on 03/10/2024 at the VULTURES 2 Phoenix listiening party was persumed to be scrapped after YE went on multiple Twitter rants which made him unable to see his kids. The cover used is of a drawing drawn by North West herself.,,https://lh3.googleusercontent.com/pw/AP1GczPnlOhytSo8qsvzr8hAab5BVQ8zC6HiQlcfzZYql2U8VzUHBBCqjD5T27mmqJyiVVsMg_e9t_vgBGjwl4To4hbaI3nXibpB5tKbiBwJC3-lXMUtroJtc3Bditq-McspWHo0z_ongPLbFgSeN6lUUoyp=w903-h903-s-no-gm?authuser=0,"""(03/10/2024) (North West announces The Elementary School Dropout at the Vultures 2 Phoenix listening party)
(02/06/2025) (Ye goes on multiple rants on Twitter resulting in him being unable to see his kids)""	"
"""VULTURES 3
(Collaboration with Ty Dolla $ign as ¥$)
(Vultures Vol. 3)""","Was announced alongside the 2 other volumes and was set to release on April 5th, 2024, however this didn't happen. The project was thought to have been scrapped after the rushed release of VULTURES 2, and Ye's apparent focus on his solo project BULLY. However, Ty stating that ""V3 boutta rip heads off"" in 88-Keys' Instagram Live chat, and Ye heart reacting a fan's message asking if the project still exists, seem to contridict this. The project was set to drop in 2025, however given Ye's recent statements against Ty Dolla $ign, and his signal on twitter that he was working to remove Ty from Melrose, it's assumed that the project is now scrapped. When asked if the album is coming, Ty Dolla $ign responded with ""Six Seven.""			",,https://lh3.googleusercontent.com/pw/AP1GczNDAcYhr1c7U18GNYatpAu6A8Ww4tC_fzWSbkOJV6UhOc60_2aDDUF9PvSNFnEl5yXrsDCr1Bdq5hUCkPc6wncOpUIrG_fHxx8KKGzB2anVAyKmj5J5PuafGJGmVltFQ4YaTkRQTvYAo3W0IX5NVtRH=w992-h992-s-no-gm?authuser=0,"""(11/10/2024) (VULTURES 2 receives its last update)
(04/20/2025) (Digital Nas confirms VULTURES 3 is scrapped)""	"
BULLY [V1],"On September 3rd, 2024, the CEO of Channel Candy, Ye's new touring company, confirmed that work on a new solo Ye album had began after the South Korea Vultures listening experience. On September 28th, 2024, on the second Haikou listening event, Ye confirmed that the album name is Bully, which references the movie with the same name that he posted on his Instagram story a few days prior to the event. On January 2nd, 2025, Ye announced the album would have AI on it after months of speculation, and that it could help AI become used more in music. After the release of Bully V1, Ye confirms his intention to re-record the AI on Bully, and stated it was being mixed.			",,https://lh3.googleusercontent.com/pw/AP1GczOpCpYOTYyf-kvJRcqvdqBgDLfn4aNoJdHViQeMU8sSwoGICMNrMs8eUuZ0-2QrBls0HZjX-2hN6m7fayk1W__TisZqvvGR9e7hYsH-ZYB-TJh7mrYs1uUvgi-B059Ak5hWz1J1fsWWBqvOl49_OeeA=w300-h300-s-no-gm?authuser=0,"""(11/??/2023) (YEBU is shelved in favor of Vultures)
(03/18/2025) (Ye leaks the BULLY visual albums and says he will record over the AI)""	"
"""CUCK
(WW3, CUKKK)""","On March 6th, 2025, Ye tweeted, ""this next album got that antisemitic sound"" and ""my new sound called antisemitic"". This would mark a shift in Ye's soundscape, as his antisemitic ideas had been mostly contained to his Twitter at that time, besides a few one-off remarks about Jews on the VULTURES albums. On March 16th, 2025, Ye would tweet an image of a red swastika against a black background, declaring it as a ""NEW ALBUM COVER"". On April 2nd. 2025, DJ Akademiks would post a series of Tweets that eventually led to the announcement of a new album titled WW3, separating this project from BULLY.  			",,https://lh3.googleusercontent.com/pw/AP1GczP-LGAtYBDaW53iI75uV-E3b2hK8QyRLwchWihi_NL5j4-F7axTQZi-vEI_mccWWgL034x-l0ZyDNLSgtJYzhTOzFGJnwIOiFlh9qXF1jD9FTmdptdS1svU8e-s9ugESWnbV9AmDu6P3rFNj9B5FImP=w992-h992-s-no-gm?authuser=0,"""(03/06/2025) (Ye announces that the album has a new """"antisemitic sound"""")
(05/18/2025) (CUCK leaks in full)
(05/21/2025) (""""HIT SYMPHONY"""" is released on DSPs)""	"
"""DONDA 2 (2025)
(PABLO 2)""","After releasing Donda 2 via the Stem Player in 2022, Ye would eventually move onto other projects. However, the project never left his mind, with some songs continuing to be considered in the Vultures era. 2025 would see Ye enter a new era of creative fuel, once again working on multiple projects at once. With plans to release BULLY and CUCK, Ye also spoke of plans to ""officially"" release Donda 2, repeatedly saying he planned to rerecord verses and upload a ""finished"" version of the album. 			",,https://lh3.googleusercontent.com/pw/AP1GczNHRGbPV_2hFg4sgMUoZQhe0rGgAj9neSQbVeqsCPpJI0e9ku0QqphXjVtGBH3e3kPr310U5Y50vKpk-X1ertBerZ0XuRIKxVc2R9e_5uis0IoGIs-8N-d1wddRe3T-hgLzQ7mBMHa-6pAX8mAKYLiC=w447-h447-s-no-gm?authuser=0,"""(03/??/2024) (Traxster talks to Mike Dean in a leaked phone call about putting Donda 2 on DSPs)
(04/29/2025) (The 2025 version of DONDA 2 is officially released onto DSPs)
(02/13/2026) (The 2025 version of DONDA 2 receives its last update)""	"
"""NEVER STOP
(Album by King Combs)
(exec. prod. Kanye West)""","NEVER STOP is a collaborative album by American rappers King Combs and Ye. King Combs is the son of rapper Diddy. It was released on June 27, 2025, though Goodfellas Entertainment. It follows Combs' second extended play, C3. The album is the first collaborative project from Combs and the sixth collaborative effort from Ye. Combs and West served as executive producers on the album alongside lead artists, and West's daughter North, Jaas, and the Hooligans served as features.			",,https://lh3.googleusercontent.com/pw/AP1GczMc5o8Jckc1DqFLw4D1cEaNijIiFl7Da-5AyuP-w5pLvnzWTXkcnr84Tt8-DvSULk0S6qqU47ZRSrUF8DPmMg_XM2iFOckYVcTQWYIB4kxArYd38s26twcADcpnCRBJGu-1nNSyQz_nQn7ONahU1PxP=w640-h640-s-no-gm?authuser=0,"""(02/??/2025) (Ye starts working on an album with King Combs)
(04/24/2025) (Ye first mentions the album on a stream with Digital Nas)
(06/27/2025) (NEVER STOP releases on all DSPs)""	"
"""IN A PERFECT WORLD
(CUCK [V2])""","After taking to Twitter in May 2025 to supposedly ""denounce"" his antisemitism, Ye would go return to being mostly absent from social media/public eye. Around this same time, he and Bianca would admit themselves into a wellness retreat, with Bianca posting a snippet to her Instagram of Ye in his DROAM-ified home, backed by a new song that suggested a possible return/shift to religious themes once again. In late-June, Ye would announce another album name change to ""In A Perfect World"".			",,https://lh3.googleusercontent.com/pw/AP1GczMp1vuLK7yriXNhBT-YDRfN9_X59uB0dtXrlJIQJ-T3-r7uFj2pvZB1Ry4cldX9ABEdTDN0NWSd2OPhrbpBn4TWqS-sskaHT2HPSQ_BAXNcv4Lj6W6Ov7hAFhu4E7RyFU2Tbbsn5jAlPF9SpAas2NzF=w400-h400-s-no-gm?authuser=0,"""(05/21/2025) (""""HIT SYMPHONY"""" is released on DSPs)
(06/22/2025) (Ye announces the name change to IN A PERFECT WORLD)
(01/16/2026) (Hassan Khaffaf drops THE SECOND COMING, which contains many songs originating from the era. IN A PERFECT WORLD is presumably scrapped)""	"
BULLY [V2],"After leaking the BULLY V1 visual albums on Twitter, Ye would promise to record over all the album's AI vocals. Throughout 2025, Ye would continue working on the album while teasing numerous release dates that would come and go. On June 20th, 2025, three singles would drop for the album, alongside two more dropping the following week; only one of these songs did not contain AI, being the previously unheard ""DAMN"". Later in 2025 into early 2026, YEEZY and its associates would repeatedly claim the album was now fully recorded, and that no AI would be used on its release. The album would finally drop on March 28th, 2026 with YEEZY only being partially truthful as some songs still contained AI, most prominent on the second half of the album.                        ",,https://lh3.googleusercontent.com/pw/AP1GczOpCpYOTYyf-kvJRcqvdqBgDLfn4aNoJdHViQeMU8sSwoGICMNrMs8eUuZ0-2QrBls0HZjX-2hN6m7fayk1W__TisZqvvGR9e7hYsH-ZYB-TJh7mrYs1uUvgi-B059Ak5hWz1J1fsWWBqvOl49_OeeA=w300-h300-s-no-gm?authuser=0,"""(03/18/2025) (Ye leaks the BULLY visual albums and says he will record over the AI)
(03/28/2026) (BULLY releases)""	"
,Concepts/Unkown albums,   These are any albums that are said to exist by reputable soruces but do not have leaked material online.  ,,
"Child Rebel Soldier
(with Lupe Fiasco & Pharrell Williams)","In 2007 Lupe Fiasco would intend to make a mashup Radiohead mixtape, this mixtape would eventually evolve into a collabortive record between himself, Kanye West, and Pharrell Williams. The supergroup was named Child Rebel Solider and had released a single called ""Us Placers"", however that would appear to be the end of the group as Lupe conformed that the ""Child Rebel Soldier"" album had been scrapped, although 14 years later in 2024 Lupe attempted to release the album himself but was unabled due to sample issues. There is no official cover so we used a fanmade one",,https://lh3.googleusercontent.com/pw/AP1GczMgQBPzTrWrMtPGP0o3XzTvHa0oa8aTK7NTK6NvQJlzvN0x2f5cuuUTk7amOK-w-D9OLtw3yhjgdtMfIWozwt0atGyda35VjPDymfCQJPTWmvzb-CNw1VJzi8cMhDV4PwTNah22WVtLvcBt2VN-u9ec=w500-h500-s-no-gm?authuser=0,"(5/27/07) ""Us placers"" is released on Kanye's mixtape ""Can't Tell Me Nothing""
(??/??/2010) Lupe Fiasco confirms that the album is scrapped 
(??/??/2024) Lupe is unable to Release the album on his own "
Untiled 2011 Solo Album ,"According to Kanye West himself he was working on his solo album in 2011 alongside Watch The throne and Cruel Summer. The album which going to release in summer 2011 only had one single released for it ""Cold"" which released in april 2012. By may of 2012 this album was scrapped and had been repurposed into ""Thank God For Drugs"" which then became ""Yeezus"". The cover we used was the cover used for ""Cold"".",,https://lh3.googleusercontent.com/pw/AP1GczNTC7x-UCDBly-yvYdiUUQ0KGj952CODAbFooSI20zaxxR_EvFi3tdD9o9FRn2BYDKe4syp8RKiqAD9Lbz-10ai3F8Fdmjw1arWjlxIM8j-Yhfr_3gmX7bKbU4hhJBo4e4IZBlseMl8wXWJVhV5Roej=w796-h796-s-no-gm?authuser=0," (??/??/??) Kanye says that he has/was intending to release an album during the summer of 2011
(4/5/2012) Kanye releases the single ""Cold""
(??/05/2012) The album is scrapped in favor of ""Thank God For Drugs""
"
808s & heartbreak live at the Hollywood Bowl,"In 2015 when Kanye was working on his album ""SWISH"" he would begin to work with Caroline Shaw to create an updated version to his 2008 album ""808s & heartbreak"". All songs were met with addtional instrumentaion done by Shaw herself who had recorded 4 features across the album. The updated versions were played at Kanye's September show at the Hollywood Bowl and were intended to release at some point. The only song to officaly release was the remix of ""Say You Will"" as a SoundCloud exclusive. The cover used is a fan cover ",,https://lh3.googleusercontent.com/pw/AP1GczNFDXt8IUWYoNO4Y3WjK0se9K6n74_r0aZKgQRg-8TBxM7PFuXzpBuvZ5S6KeRyyynmy3hNkErLSIZJeIOjEHOzM49og8vkerk7INKZuD6y_-P3zx13cDqZMaJNpcZbc3vswFjkAZUu8sxqGwxtpEmo=w992-h992-s-no-gm?authuser=0,"(2015) West and Shaw begin work on remixing 808s during the SWISH sessions 
(9/25/2015 & 9/26/2015) West performs a live version of the album at the Hollywood Bowl
(10/17/2015) West releases a remix of ""Say You Will"" on SoundCloud"
"KIDS SEE GHOSTS II
(with Kid Cudi)","Following the release of KIDS SEE GHOSTS with Kid Cudi in 2018, Cudi would go on multiple interviews saying himself and Kanye had been working on a sequel. We know that this album was intened to have several songs that were recorded during the Yandi era sessions, most notably ""Thank You (Vol.2)"" which the duo ended up giving to Ty Dolla $ign. The album was most likely put to a halt  sometime during 2019-2020, with album being cancled indefinetly in 2022 after Kanye's public behavior. The cover we used is a fan cover ",,https://lh3.googleusercontent.com/pw/AP1GczMRN8RQyx5Kd0jJ2U3qFXwJzaZZ8x5-ihs94gYCIuJ8wiZYPeGGgrPGfIIL19mDHReu8s2SyF8hFMJsMc2Ql3SFYGBCoeI3nALFiMf2mWXIst_dArGSNYRx1KB_m5qSIy1yWC4syTBStsMYv0pLj9Sv=w554-h554-s-no-gm?authuser=0,"(2018-2019) Kid Cudi says that he and Kanye intend to release a sequel to KIDS SEE GHOSTS 
(2019-2020) The album is ""shelved"" temporarly 
(2022) The album is cancled after Cudi called Kanye a ""dinosaur"" after kanye's public behavior"
"Watch the throne II
(with Jay Z)
(throne II)","In 2018 Kanye randomly tweeted ""throne II coming soon"" alluding to a sequel to his 2011 collab album with Jay Z. The project then wasn't mentioned again until 2021 when Justin Laboy said it would be coming by the end of the year. Kanye jokingly mentioned the album during his 2022 drink champs interview. The only tangible evidence we have that something was worked on was when in 2025 AyoAA stated that he was asked to executively produce Watch The Throne II in 2022/2023, it is very unlikely Jay Z had any input during this time.The cover used is a fan cover ",,https://lh3.googleusercontent.com/pw/AP1GczOA_I99qmB6tCE9AhLMHajL745bvM6A0I3xRmNf3by1PtY5I7WfHnip6PBgV3h29WVyPStO40lEsae_xHhM_bFEjiI5khIY9SG4SxgZsmN1ipSy1YDrn3_wiaF-vPyG010dpsAQHhwehrkadCs3SHXO=w500-h500-s-no-gm?authuser=0,"(9/8/2018) Kanye tweets ""throne2 coming soon""
(8/5/2021) Justin Laboy annouces watch the throne II come out by the end of the year
(10/16/2022) Ye jokingly says the album is coming on his drink champs interview
(2022-2023) AyoAA is asked to excutivly executively produce Watch The Throne II"
"CARTI YE
(with Playboi Carti)","YE and Carti met up to film the ""2024"" music video shoot and would begin work on their own collab album admist both their involvments in the VULTRES album. in march 2025 YE posted album cover which featured himeslf standing alongside playpoi carti, he would then later confrm the album's title to be ""CARTI YE"". YE posted the cover to annouce that the album was scrapped because carti did not kepp YE's features on his album ""MUSIC"".",,https://lh3.googleusercontent.com/pw/AP1GczPCu-1SDpqqovvJbNz0Y77JlZiyXOGH-_SEjD2xkJwd_iwviTcLyqKbYxyDkOLZVoj69293TcatSowUU31CxCXdOlCqQRcUwmpxJjNpvVcXCZHWymrwEYRDUPhy2mPr4B9HhPrh9rcyvvsnfKylFqTO=w1015-h992-s-no-gm?authuser=0,"(??/??/2023) Ye and Carti meet up to film the ""2024"" music video
(3/11/25) Ye tweets the cover for Carti YE 
(3/15/25) Ye confrms the album was called Carti YE and that it is cancelled"